{
  "intents": [
    {
      "intent": "AMAZON.NavigateSettingsIntent"
    },
    {
      "intent": "AMAZON.MoreIntent"
    },
    {
      "intent": "AMAZON.PageDownIntent"
    },
    {
      "intent": "AMAZON.PageUpIntent"
    },
    {
      "intent": "AMAZON.ScrollRightIntent"
    },
    {
      "intent": "AMAZON.ScrollDownIntent"
    },
    {
      "intent": "AMAZON.ScrollLeftIntent"
    },
    {
      "intent": "AMAZON.ScrollUpIntent"
    },
    {
      "intent": "AMAZON.HelpIntent"
    },
    {
      "intent": "AMAZON.NextIntent"
    },
    {
      "intent": "AMAZON.PreviousIntent"
    },
    {
      "intent": "AMAZON.StopIntent"
    },
    {
      "intent": "AMAZON.CancelIntent"
    },
    {
      "intent": "AMAZON.NoIntent"
    },
    {
      "intent": "AMAZON.YesIntent"
    },
    {
      "slots": [
        {
          "name": "search",
          "type": "SEARCH"
        }
      ],
      "intent": "SearchIntent"
    }
  ]
}